name,short_name,5p,3p
hsa_mir_124,mir124,CGUGUUCACAGCGGACCUUGAU,UAAGGCACGCGGUGAAUGCCAA
hsa_mir_1,mir1,ACAUACUUCUUUAUAUGCCCAU,UGGAAUGUAAAGAAGUAUGUAU
hsa_mir_144,mir144,GGAUAUCAUCAUAUACUGUAAG,UACAGUAUAGAUGAUGUACU
hsa_mir_204,mir204,UUCCCUUUGUCAUCCUAUGCCU,GCUGGGAAGGCAAAGGGACGU
hsa_mir_137,mir137,ACGGGUAUUCUUGGGUGGAUAAU,UUAUUGCUUAAGAAUACGCGUAG
hsa_mir_143,mir143,GGUGCAGUGCUGCAUCUCUGGU,UGAGAUGAAGCACUGUAGCUC
hsa_mir_155,mir155,UUAAUGCUAAUCGUGAUAGGGGUU,CUCCUACAUAUUAGCAUUAACA
hsa_mir_205,mir205,UCCUUCAUUCCACCGGAGUCUG,GAUUUCAGUGGAGUGAAGUUC
hsa_mir_223,mir223,CGUGUAUUUGACAAGCUGAGUU,UGUCAGUUUGUCAAAUACCCCA
hsa_mir_139,mir139,UCUACAGUGCACGUGUCUCCAGU,UGGAGACGCGGCCCUGUUGGAGU
hsa_mir_153,mir153,UCAUUUUUGUGAUGUUGCAGCU,UUGCAUAGUCACAAAAGUGAUC
hsa_mir_182,mir182,UUUGGCAAUGGUAGAACUCACACU,UGGUUCUAGACUUGCCAACUA
hsa_mir_7,mir7,UGGAAGACUAGUGAUUUUGUUGUU,CAACAAAUCACAGUCUGCCAUA
hsa_mir_199a,mir199a,CCCAGUGUUCAGACUACCUGUUC,ACAGUAGUCUGCACAUUGGUUA
hsa_mir_216b,mir216b,ACACACUUACCCGUAGAGAUUCUA,AAAUCUCUGCAGGCAAAUGUGA
hsa_let_7a,let7,UGAGGUAGUAGGUUGUAUAGUU,CUAUACAAUCUACUGUCUUUC
cel_lsy_6,lsy6,AAAUGCGUCUAGUAUCAAAAU,UUUUGUAUGAGACGCAUUUCGA
